{"cameraMode":{"drawMode":0,"name":"Shaded","section":"Shading Mode"},"sceneLighting":false,"audioPlay":false,"sceneViewState":{"showFog":true,"showMaterialUpdate":false,"showSkybox":false,"showFlares":true,"showImageEffects":true,"showParticleSystems":true,"showVisualEffectGraphs":true,"m_FxEnabled":true},"in2DMode":false,"pivot":{"x":1793.8629150390625,"y":723.04833984375,"z":62.82329177856445},"rotation":{"x":-0.0024670790880918504,"y":0.9888848662376404,"z":-0.018143627792596818,"w":-0.14827492833137513},"size":0.39873069524765017,"orthographic":false}