{"cameraMode":{"drawMode":0,"name":"Shaded","section":"Shading Mode"},"sceneLighting":false,"audioPlay":false,"sceneViewState":{"showFog":true,"showMaterialUpdate":false,"showSkybox":false,"showFlares":true,"showImageEffects":true,"showParticleSystems":true,"showVisualEffectGraphs":true,"m_FxEnabled":true},"in2DMode":false,"pivot":{"x":1778.2789306640625,"y":712.124267578125,"z":41.491756439208987},"rotation":{"x":-0.0069642094895243649,"y":-0.8787704706192017,"z":-0.012936162762343884,"w":0.47711047530174258},"size":0.9680209755897522,"orthographic":false}