{"cameraMode":{"drawMode":0,"name":"Shaded","section":"Shading Mode"},"sceneLighting":false,"audioPlay":false,"sceneViewState":{"showFog":true,"showMaterialUpdate":false,"showSkybox":false,"showFlares":true,"showImageEffects":true,"showParticleSystems":true,"showVisualEffectGraphs":true,"m_FxEnabled":true},"in2DMode":false,"pivot":{"x":-3.137014865875244,"y":-1.6586294174194337,"z":-0.1791849136352539},"rotation":{"x":0.026606054976582528,"y":-0.9702003598213196,"z":0.12496668845415116,"w":0.20618274807929994},"size":12.862637519836426,"orthographic":false}