{"cameraMode":{"drawMode":0,"name":"Shaded","section":"Shading Mode"},"sceneLighting":false,"audioPlay":false,"sceneViewState":{"showFog":true,"showMaterialUpdate":false,"showSkybox":false,"showFlares":true,"showImageEffects":true,"showParticleSystems":true,"showVisualEffectGraphs":true,"m_FxEnabled":true},"in2DMode":false,"pivot":{"x":912.7936401367188,"y":372.1864013671875,"z":12.860147476196289},"rotation":{"x":0.020143840461969377,"y":-0.1562458723783493,"z":-0.003155619138851762,"w":-0.9875391125679016},"size":0.13268887996673585,"orthographic":false}