{"cameraMode":{"drawMode":0,"name":"Shaded","section":"Shading Mode"},"sceneLighting":false,"audioPlay":false,"sceneViewState":{"m_AlwaysRefresh":false,"showFog":true,"showSkybox":false,"showFlares":true,"showImageEffects":true,"showParticleSystems":true,"showVisualEffectGraphs":true,"m_FxEnabled":true},"in2DMode":false,"pivot":{"x":2597.7470703125,"y":1400.7047119140625,"z":185.30967712402345},"rotation":{"x":0.013414226472377777,"y":-0.11225241422653198,"z":0.0015155442524701357,"w":0.9935889840126038},"size":126.82512664794922,"orthographic":true}