{"cameraMode":{"drawMode":0,"name":"Shaded","section":"Shading Mode"},"sceneLighting":false,"audioPlay":false,"sceneViewState":{"showFog":true,"showMaterialUpdate":false,"showSkybox":false,"showFlares":true,"showImageEffects":true,"showParticleSystems":true,"showVisualEffectGraphs":true,"m_FxEnabled":true},"in2DMode":false,"pivot":{"x":16.051563262939454,"y":0.3931499123573303,"z":41.83731460571289},"rotation":{"x":-0.035604510456323627,"y":-0.9565252661705017,"z":0.13385187089443208,"w":-0.25784042477607729},"size":2.986893653869629,"orthographic":false}