{"cameraMode":{"drawMode":0,"name":"Shaded","section":"Shading Mode"},"sceneLighting":false,"audioPlay":false,"sceneViewState":{"showFog":true,"showMaterialUpdate":false,"showSkybox":false,"showFlares":true,"showImageEffects":true,"showParticleSystems":true,"showVisualEffectGraphs":true,"m_FxEnabled":true},"in2DMode":false,"pivot":{"x":916.5305786132813,"y":373.12554931640627,"z":18.188026428222658},"rotation":{"x":-0.0031231993343681099,"y":-0.992249608039856,"z":0.12177013605833054,"w":-0.0259066354483366},"size":1.1660287380218506,"orthographic":false}